altitude_ft,altitude_m,Wfuel_t,MTOW_t,Wcruise_t,T0_design_5pct_kN,T0_envelope_kN,T0_installed_kN,critical,Cruise_kN,Takeoff_kN,High_speed_cruise_kN,CL_cruise,CD_cruise,LD_cruise,Mf_cruise,TSFC_1_per_hr,kT_cruise,rho_kg_m3,feasible_installed_thrust
30000.0,9144.0,105.48977809890755,290.19657173771026,277.33887376169815,766.5634311670207,730.0604106352578,863.0,High speed cruise,565.3961187736812,699.3203267825597,730.0604106352578,0.3922335189683756,0.018382452451663308,21.337387924693637,0.6944252498325524,0.4872647869579755,0.22552032,0.45904053188684185,True
30050.0,9159.24,105.42652182466107,290.1080543992468,277.2542734026448,766.3348815882464,729.8427443697585,863.0,High speed cruise,565.9672401426008,698.8937708597864,729.8427443697585,0.3930047897646389,0.018408905250573867,21.34862363705129,0.6945411013020915,0.4871931561053783,0.2251054872,0.45819772306768725,True
30100.0,9174.48,105.3636701994375,290.02010188617766,277.170212776161,766.1078842786081,729.6265564558172,863.0,High speed cruise,566.5433488383209,698.4700656596949,729.6265564558172,0.39377868907636493,0.018435494898451626,21.359811127687053,0.6946562701673739,0.48712150518896175,0.22469065440000002,0.4573561026076239,True
30150.0,9189.720000000001,105.30122487650077,289.9327165373519,277.0866941162349,765.8824434378156,729.4118508931577,863.0,High speed cruise,567.1244825517699,698.0492199692551,729.4118508931577,0.3945552306411826,0.018462222431349023,21.370949900983977,0.6947707520890078,0.48704983419438186,0.22427582160000004,0.45651566933604243,True
30200.0,9204.960000000001,105.23918752687347,289.8459007164546,277.003719680563,765.6585633321206,729.1986317448766,863.0,High speed cruise,567.710679372889,697.6312426973999,729.1986317448766,0.3953344283053944,0.01848908889571598,21.382039457714733,0.6948845426936142,0.4869781431072781,0.22386098879999994,0.4556764220829913,True
30250.0,9220.2,105.17755983956901,289.759656812332,276.9212917508593,765.4362482951684,728.9869031382556,863.0,High speed cruise,568.3019777959216,697.2161428766303,728.9869031382556,0.39611629602520715,0.018516095348533615,21.393079295013333,0.6949976375734332,0.4869064319132736,0.22344615599999995,0.4548383596791796,True
30300.0,9235.44,105.11634352182728,289.6739872393197,276.8394126331694,765.2155027288738,728.7766692655941,863.0,High speed cruise,568.8984167247872,696.8039296646407,728.7766692655941,0.39690084786799346,0.0185432428574504,21.404068906346904,0.6951100322859279,0.48683470059797496,0.22303132320000008,0.454001480955974,True
30350.0,9250.68,105.05554029935368,289.5888944375759,276.7580846581873,764.9963311042992,728.5679343850468,863.0,High speed cruise,569.5000354785418,696.3946123459698,728.5679343850468,0.3976880980135577,0.01857053250092015,21.415007781486754,0.6952217223533785,0.48676294914697243,0.22261649039999998,0.45316578474540037,True
30400.0,9265.92,104.99515191656326,289.50438087342275,276.67731018158133,764.7787379625612,728.3607028214868,863.0,High speed cruise,570.1068737969282,695.9882003336884,728.3607028214868,0.39847806075543357,0.01859796536834253,21.42589540647942,0.6953327032624729,0.48669117754583946,0.2222016576,0.45233126988014416,True
30450.0,9281.16,104.93518013682807,289.4204490396905,276.59709158432224,764.5627279157427,728.154978967374,863.0,High speed cruise,570.718971846015,695.5847031711093,728.154978967374,0.39927075050219546,0.018625542560205724,21.436731263617236,0.6954429704638889,0.48661938578013325,0.2217868248,0.4514979351935486,True
30500.0,9296.4,104.87562674272836,289.33710145606915,276.51743127301796,764.348305647827,727.9507672836447,863.0,High speed cruise,571.33637022393,695.1841305335278,727.9507672836447,0.40006618177879083,0.01865326518823137,21.447514831408643,0.6955525193718726,0.4865475738353943,0.22137199200000002,0.4506657795196159,True
30550.0,9311.640000000001,104.8164935363092,289.2543406694652,276.4383316802543,764.1354759156463,727.7480723006155,863.0,High speed cruise,571.9591099666856,694.7864922299954,727.7480723006155,0.40086436922789365,0.01868113437552196,21.45824558454809,0.6956613453638065,0.4864757416971466,0.22095715920000003,0.44983480169300677,True
30600.0,9326.880000000001,104.75778233933963,289.1721692543641,276.3597952649406,763.9242435498463,727.5468986189013,863.0,High speed cruise,572.5872325541011,694.3917982051167,727.5468986189013,0.40166532761127866,0.018709151256710566,21.46892299388568,0.6957694437797755,0.4864038893508974,0.22054232640000004,0.4490050005490396,True
30650.0,9342.12,104.69949499357801,289.09058981319964,276.28182451266076,763.714613455868,727.3472509103505,863.0,High speed cruise,573.2207799158215,694.000058540889,727.3472509103505,0.402469071811215,0.018737316978113,21.47954652639638,0.695876809922121,0.4863320167821373,0.22012749359999995,0.4481763749236926,True
30700.0,9357.36,104.64163336104023,289.0096049767287,276.2044219360315,763.5065906149479,727.1491339189979,863.0,High speed cruise,573.8597944374363,693.6112834585607,727.1491339189979,0.40327561683188573,0.018765632697882607,21.49011564514895,0.6959834390549928,0.48626012397634033,0.21971266079999996,0.4473489236536006,True
30750.0,9372.6,104.58419932427375,288.9292174044131,276.12759007506656,763.3001800851376,726.9525524620358,863.0,High speed cruise,574.5043189667026,693.225483320535,726.9525524620358,0.40408497780082636,0.018794099586167498,21.500629809274496,0.6960893264038909,0.4861882109189639,0.21929782799999997,0.4465226455760575,True
30800.0,9387.84,104.527194786635,288.84942978480643,276.05133149754425,763.0953870023334,726.7575114307937,863.0,High speed cruise,575.1543968198658,692.842668632294,726.7575114307937,0.4048971699703845,0.01882271882527037,21.511088473934556,0.6961944671552006,0.4861162775954485,0.21888299519999999,0.4456975395290145,True
30850.0,9403.08,104.47062167257288,288.77024483594977,275.9756487993856,762.8922165813364,726.5640157917488,863.0,High speed cruise,575.8100717880918,692.4628500443705,726.5640157917488,0.40571220871920743,0.01885149160981109,21.521491090289015,0.6962988564557215,0.486044323991218,0.2184681624,0.4448736043510809,True
30900.0,9418.32,104.41448192791596,288.6916653057722,275.9005446050357,762.690674116922,726.3720705875447,863.0,High speed cruise,576.4713881440042,692.086038354342,726.3720705875447,0.4065301095537473,0.01888041914689186,21.531837105463374,0.6964024894121874,0.48597235009167933,0.2180533296,0.44405083888152463,True
30950.0,9433.560000000001,104.35877752016506,288.61369397249814,275.8260215678521,762.4907649849325,726.1816809380309,863.0,High speed cruise,577.1383906483296,691.712244508867,726.1816809380309,0.4073508881097961,0.018909502656265287,21.542125962515914,0.6965053610907794,0.4859003558822228,0.21763849680000003,0.44322924196026986,True
31000.0,9448.800000000001,104.30351043879106,288.53633364506356,275.75208237050106,762.2924946433893,725.9928520413232,863.0,High speed cruise,577.8111245566593,691.341479605757,725.9928520413232,0.40817456015404013,0.018938743370505145,21.552357100404233,0.6966074665166314,0.4858283413482219,0.21722366400000004,0.4424088124278991,True
31050.0,9464.04,104.24868269553703,288.45958716353675,275.6787297253595,762.0958686336238,725.8055891748799,863.0,High speed cruise,578.4896356263205,690.97375489608,725.8055891748799,0.4090011415856402,0.01896814253518001,21.562529953951486,0.696708800673327,0.48575630647503304,0.21680883120000005,0.44158954912565235,True
31100.0,9479.28,104.19429632472703,288.38345739954906,275.6059663749244,761.9008925814319,725.6198976966018,863.0,High speed cruise,579.17397012337,690.6090817863134,725.6198976966018,0.40983064843784134,0.018997701409030024,21.572643953812214,0.6968093585023882,0.4856842512479961,0.21639399839999995,0.44077145089542724,True
31150.0,9494.52,104.14035338357841,288.30794725673036,275.53379509222816,761.7075721982442,725.4357830459468,863.0,High speed cruise,579.8641748296981,690.247471840519,725.4357830459468,0.410663096879602,0.019027421264146374,21.58269852643774,0.6969091349027574,0.4856121756524336,0.21597916559999997,0.43995451657977763,True
31200.0,9509.76,104.08685595252143,288.23305967115436,275.46221868126315,761.5159132823229,725.2532507450695,863.0,High speed cruise,580.5602970502637,689.8889367825731,725.2532507450695,0.41149850321725345,0.019057303386154013,21.59269309404108,0.6970081247302683,0.4855400796736515,0.21556433279999998,0.43913874502191624,True
31250.0,9525.0,104.03380613552285,288.1587976117902,275.39123997741217,761.325921719979,725.0723063999799,863.0,High speed cruise,581.2623846204461,689.5334884984253,725.0723063999799,0.4123368838961877,0.019087349074397516,21.602627074561582,0.6971063227971108,0.48546796329693864,0.2151495,0.4383241350657113,True
31300.0,9540.24,103.9812060604161,288.08516408096256,275.3208618478861,761.1376034868084,724.8929557017221,863.0,High speed cruise,581.9704859135261,689.1811390384034,724.8929557017221,0.4131782555025672,0.01911755964212996,21.6124998816289,0.6972037238712857,0.48539582650756696,0.2147346672,0.43751068555568823,True
31350.0,9555.480000000001,103.92905787923719,288.0121621148197,275.25108719217053,760.9509646489566,724.7152044275778,863.0,High speed cruise,582.6846498482962,688.8319006195605,724.7152044275778,0.41402263476506673,0.019147936416705178,21.622310924526687,0.6973003226760502,0.4853236692907912,0.21431983440000002,0.4366983953370308,True
31400.0,9570.720000000001,103.87736376856627,287.93979478381016,275.1819189424799,760.7660113644029,724.5390584422885,863.0,High speed cruise,583.4049258967996,688.4857856280632,724.5390584422885,0.41487003855664434,0.019178480739773334,21.63205960815578,0.6973961138893559,0.48525149163184916,0.21390500160000003,0.43588726325557753,True
31450.0,9585.960000000001,103.82612592987562,287.868065193167,275.1133600642182,760.5827498842681,724.3645236993028,863.0,High speed cruise,584.1313640922086,688.142806621624,724.3645236993028,0.4157204838963383,0.019209193967479835,21.64174533299687,0.697491092143275,0.4851792935159616,0.21349016880000005,0.4350772881578249,True
31500.0,9601.2,103.77534658988314,287.79697648340135,275.0454135564504,760.401186554151,724.1916062420486,863.0,High speed cruise,584.8640150368358,687.802976331978,724.1916062420486,0.41657398795109596,0.01924007747066769,21.65136749507275,0.6975852520234197,0.4851070749283323,0.21307533600000006,0.4342684688909259,True
31550.0,9616.44,103.72502800091287,287.7265318308046,274.9780824523791,760.2213278154818,724.0203122052206,863.0,High speed cruise,585.6029299102851,687.4663076674062,724.0203122052206,0.4174305680376314,0.019271132635083437,21.660925485910035,0.6976785880683499,0.4850348358541476,0.21266050319999996,0.43346080430268974,True
31600.0,9631.68,103.67517244126148,287.65673444795874,274.9113698198327,760.0431802069106,723.8506478161053,863.0,High speed cruise,586.3481604777471,687.1328137153023,723.8506478161053,0.4182902416243177,0.019302360861586713,21.670418692500448,0.697771094768972,0.48496257627857686,0.21224567039999997,0.43265429324158133,True
31650.0,9646.92,103.62578221557196,287.5875875842578,274.8452787617605,759.8667503657136,723.6826193959178,863.0,High speed cruise,587.0997590984438,686.8025077447936,723.6826193959178,0.4191530263331038,0.019333763566363356,21.679846497261458,0.6978627665679266,0.48489029618677226,0.2118308376,0.4318489345567228,True
31700.0,9662.16,103.57685965521321,287.51909452643673,274.7798124167366,759.6920450292312,723.5162333611725,863.0,High speed cruise,587.8577787342141,686.4754032094054,723.5162333611725,0.42001893994147077,0.019365342181142425,21.68920827799659,0.6979535978589674,0.48481799556386884,0.2114160048,0.43104472709789277,True
31750.0,9677.4,103.528407118667,287.4512585991102,274.71497395947483,759.5190710363319,723.3514962250779,863.0,High speed cruise,588.6222729582594,686.1515137497734,723.3514962250779,0.42088800038441815,0.019397098153417027,21.698503407855043,0.6980435829863281,0.48474567439498434,0.21100117200000001,0.43024166971552497,True
31800.0,9692.640000000001,103.48042699192195,287.384083165322,274.65076660134946,759.3478353289003,723.1884145989526,863.0,High speed cruise,589.3932959640365,685.8308531964126,723.1884145989526,0.4217602257564816,0.019429032946668937,21.70773125529088,0.6981327162440801,0.48467333266521917,0.21058633920000003,0.42943976126070943,True
31850.0,9707.880000000001,103.43292168887453,287.31757162710386,274.5871935909295,759.1783449533611,723.0269951936773,863.0,High speed cruise,590.1709025743186,685.5134355725362,723.0269951936773,0.42263563431378925,0.019461148040597454,21.71689118402156,0.698220991875477,0.48460097035965644,0.21017150640000004,0.42863900058519167,True
31900.0,9723.12,103.3858936517377,287.2517274260444,274.5242582145192,759.0106070622252,722.8672448211669,863.0,High speed cruise,590.955148250409,685.199275096926,722.8672448211669,0.42351424447614827,0.019493444931352043,21.72598255298602,0.6983084040722902,0.4845285874633621,0.20975667360000005,0.4278393865413743,True
31950.0,9738.36,103.33934535145633,287.1865540438685,274.4619637967107,758.8446289156676,722.7091703958739,863.0,High speed cruise,591.7460891015263,684.8883861868574,722.7091703958739,0.42439607482917197,0.01952592513176949,21.735004716302118,0.698394946974132,0.4844561839613846,0.20934184080000007,0.42704091798231447,True
32000.0,9753.6,103.29327928813143,287.1220550030275,274.4003137009452,758.6804178831375,722.5527789363214,863.0,High speed cruise,592.5437818943551,684.5807834610822,722.5527789363214,0.4252811441264402,0.019558590171615108,21.743957023223487,0.6984806146677665,0.48438375983875515,0.20892700799999997,0.42624359376172444,True
32050.0,9768.84,103.24769799145079,287.05823386730026,274.33931133008616,758.5179814449981,722.3980775666648,863.0,High speed cruise,593.3482840627709,684.276481742866,722.3980775666648,0.4261694712916966,0.019591441597828302,21.752838818095814,0.6985654011864096,0.48431131508048747,0.20851217519999998,0.4254474127339735,True
32100.0,9784.08,103.2026040211292,286.99509424240523,274.2789601270016,758.3573271941972,722.2450735182831,863.0,High speed cruise,594.1596537177413,683.9754960630864,722.2450735182831,0.427061075421087,0.019624480974772752,21.761649440312514,0.6986493005090169,0.48423884967157776,0.2080973424,0.4246523737540851,True
32150.0,9799.32,103.1579999673555,286.93263977662417,274.2192635751577,758.1984628379732,722.093774131403,863.0,High speed cruise,594.9779496574073,683.6778416633875,722.093774131403,0.42795597578543465,0.01965770988449103,21.77038822426975,0.6987323065595574,0.484166363597005,0.2076825096,0.42385847567773843,True
32200.0,9814.560000000001,103.11419127641462,286.8714703924256,274.16120638585994,758.0440061889452,721.9466725609002,863.0,High speed cruise,595.8047977588767,683.3863746841814,721.9466725609002,0.4288557266503842,0.019691181695434736,21.779075186219597,0.6988146510817256,0.4840938568417305,0.20726767680000002,0.4230657173612678,True
32250.0,9829.800000000001,103.07057831035853,286.8104035461735,274.10283916600577,757.8887694884761,721.7988280842629,863.0,High speed cruise,596.6371477350779,683.0954582761688,721.7988280842629,0.42975729632096515,0.019724795241200323,21.787668316237127,0.6988958524482793,0.484021329390698,0.20685284399999992,0.42227409766166213,True
32300.0,9845.04,103.02746328026967,286.7500331756696,274.0451374597703,757.7353469334239,721.6527113651655,863.0,High speed cruise,597.4766050659123,682.8079206886099,721.6527113651655,0.4306622214435896,0.01975860318970267,21.796187580103442,0.6989761419709161,0.4839487812288339,0.20643801120000005,0.42148361543656615,True
32350.0,9860.28,102.9848489042866,286.6903631083794,273.9881049226942,757.5837467151879,721.5083302049409,863.0,High speed cruise,598.3232314139381,682.5237780506549,721.5083302049409,0.4315705220189825,0.019792607196716862,21.80463229172608,0.6990555133457568,0.48387621234104694,0.20602317840000006,0.42069426954427913,True
32400.0,9875.52,102.94273793342697,286.63139721769375,273.9317452541465,757.4339771487344,721.3656925226041,863.0,High speed cruise,599.1770891824575,682.243046719251,721.3656925226041,0.4324822182347415,0.019826808937052937,21.81300175977919,0.6991339602100991,0.4838036227122283,0.20560834560000008,0.4199060588437551,True
32450.0,9890.76,102.90113315209058,286.5731394236288,273.876062197991,757.2860466745209,721.2248063566866,863.0,High speed cruise,600.0382415267761,681.9657432827004,721.2248063566866,0.4333973304678735,0.01986121010484054,21.821295287654536,0.6992114761416115,0.48373101232725146,0.20519351279999998,0.41911898219460186,True
32500.0,9906.0,102.86003737857062,286.515593693539,273.8210595432656,757.1399638604587,721.0856798671034,863.0,High speed cruise,600.9067523656702,681.6918845642822,721.0856798671034,0.43431587928737037,0.01989581241381869,21.829512173411683,0.6992880546575118,0.4836583811709722,0.20477868,0.41833303845708336,True
32550.0,9921.24,102.81945346557502,286.4587640428428,273.7667411248746,756.9957374039116,720.9483213370586,863.0,High speed cruise,601.7826863930721,681.4214876259446,720.9483213370586,0.4352378854568361,0.019930617597631203,21.837651709727503,0.6993636892137323,0.4835857292282287,0.2043638472,0.4175482264921172,True
32600.0,9936.480000000001,102.7793843007576,286.40265453576296,273.7131108242934,756.8533761337362,720.8127391749869,863.0,High speed cruise,602.6661090899689,681.1545697720748,720.8127391749869,0.43616336993716004,0.019965627410127623,21.845713183844897,0.6994383732040692,0.4835130564838416,0.20394901440000002,0.4167645451612747,True
32650.0,9951.720000000001,102.73983280726051,286.34726928608194,273.6601725702884,756.7128890123679,720.6789419165408,863.0,High speed cruise,603.5570867365342,680.8911485533423,720.6789419165408,0.4370923538892355,0.020000843625669746,21.85369587752072,0.6995120999593164,0.48344036292261333,0.20353418159999992,0.4159819933267826,True
32700.0,9966.960000000001,102.70080194426563,286.2926124579101,273.60793033964916,756.5742851379414,720.5469382266108,863.0,High speed cruise,604.4556864244798,680.631241770617,720.5469382266108,0.43802485867673235,0.020036268039444156,21.861599066972953,0.6995848627463835,0.4833676485293291,0.20311934879999993,0.41520056985152104,True
32750.0,9982.2,102.66229470755874,286.2386882664713,273.5563881579364,756.4375737464619,720.4167369013923,863.0,High speed cruise,605.361976069652,680.3748674789733,720.4167369013923,0.4389609058689186,0.02007190246778062,21.869422022827077,0.699656654767398,0.4832949132887559,0.20270451600000006,0.4144202735990252,True
32800.0,9997.44,102.62431413010265,286.1855009789014,273.5055501002431,756.3027642140147,720.2883468704903,863.0,High speed cruise,606.2760244248617,680.1220439917655,720.2883468704903,0.4399005172435335,0.020107748748476668,21.87716401006153,0.6997274691587905,0.4832221571856432,0.20228968320000007,0.41364110343348315,True
32850.0,10012.68,102.58686328262323,286.13305491506406,273.45542029197156,756.1698660590234,720.1617771990699,863.0,High speed cruise,607.1979010929601,679.8727898847916,720.1617771990699,0.4408437147897146,0.02014380874112836,21.88482428795244,0.6997972989903631,0.48314938020472237,0.20187485040000008,0.41286305821973657,True
32900.0,10027.92,102.54994527420608,286.0813544483822,273.40600290962556,756.0388889445555,720.0370370900529,863.0,High speed cruise,608.1276765401715,679.627124000543,720.0370370900529,0.441790520710975,0.02018008432746734,21.8924021100174,0.6998661372643415,0.4830765823307071,0.20146001759999999,0.41208613682328277,True
32950.0,10043.16,102.51356325290584,286.0304040066859,273.3573021816171,755.9098426806711,719.9141358863534,863.0,High speed cruise,609.0654221096744,679.3850654525379,719.9141358863534,0.4427409574282447,0.020216577411704798,21.89989672395837,0.6999339769144072,0.483003763548293,0.2010451848,0.41131033811027073,True
33000.0,10058.4,102.47772040636667,285.98020807307677,273.3093223890915,755.7827372268267,719.7930830731683,863.0,High speed cruise,610.0112100354559,679.1466336297437,719.7930830731683,0.443695047582961,0.020253289920881788,21.907307371603725,0.7000008108047138,0.48293092384215774,0.200630352,0.4105356609475035,True
33050.0,10073.640000000001,102.44241996245601,285.9307711868105,273.2620678667662,755.6575826943238,719.6738882803083,863.0,High speed cruise,610.9651134564266,678.911848201094,719.6738882803083,0.444652814040218,0.020290223805226427,21.91463328884932,0.7000666317288837,0.4828580631969612,0.20021551920000003,0.40976210420243836,True
33100.0,10088.880000000001,102.40766518991065,285.882097944196,273.2155430037878,755.5343893488089,719.55656128458,863.0,High speed cruise,611.9272064308151,678.6807291200937,719.55656128458,0.4456142798919792,0.020327381038518347,21.921873705598614,0.7001314324089861,0.4827851815973451,0.19980068639999993,0.4089896667431849,True
33150.0,10104.12,102.37345939899564,285.8341929995132,273.16975224460674,755.4131676128319,719.4411120122209,863.0,High speed cruise,612.8975639508442,678.4532966295243,719.4411120122209,0.44657946846034746,0.020364763618460104,21.929027845701846,0.7001952054944954,0.4827122790279333,0.19938585359999994,0.40821834743850727,True
33200.0,10119.36,102.33980594217721,285.7870610659497,273.12470008986793,755.2939280684508,719.3275505413817,863.0,High speed cruise,613.8762619576944,678.2295712662457,719.3275505413817,0.4475484033009001,0.020402373567056105,21.936094926894217,0.7002579435612307,0.4826393554733313,0.19897102079999995,0.40744814515782096,True
33250.0,10134.6,102.30670821480885,285.7407069165557,273.08039109732124,755.1766814598966,719.2158871046635,863.0,High speed cruise,614.8633773567651,678.0095738660992,719.2158871046635,0.44852110820608376,0.020440212930998958,21.943074160733,0.700319639110273,0.48256641091812685,0.19855618800000008,0.4066790587711963,True
33300.0,10149.84,102.27416965583137,285.695135385219,273.03682988274915,755.061438696292,719.1061320917066,863.0,High speed cruise,615.8589880332356,677.7933255689105,719.1061320917066,0.44949760720867804,0.02047828378206358,21.949964752533695,0.700380284566864,0.48249344534688937,0.1981413552000001,0.40591108714935586,True
33350.0,10165.08,102.24219374848738,285.65035136765886,272.99402112091377,754.9482108544303,718.9982960518383,863.0,High speed cruise,616.8631728679364,677.5808478236023,718.9982960518383,0.4504779245853256,0.02051658821750932,21.95676590130505,0.7004398722792822,0.4824204587441703,0.1977265224,0.40514422916367443,True
33400.0,10180.32,102.21078402105087,285.6063598224424,272.95196954652346,754.8370091816107,718.8923896967719,863.0,High speed cruise,617.8760117535376,677.3721623934126,718.8923896967719,0.45146208486012623,0.020555128360489918,21.963476799682994,0.7004983945176975,0.4823474510945026,0.1973116896,0.4043784836861805,True
33450.0,10195.560000000001,102.17994404757137,285.5631657720194,272.91067995521905,754.7278450985405,718.7884239033718,863.0,High speed cruise,618.8975856110629,677.1672913612265,718.7884239033718,0.45245011280830794,0.020593906360472078,21.97009663386351,0.7005558434730036,0.4822744223824014,0.19689685680000002,0.40361384958955504,True
33500.0,10210.800000000001,102.1496774486337,285.52077430378006,272.87015720458027,754.6207302022902,718.6864097164669,863.0,High speed cruise,619.9279764067348,676.9662571350183,718.6864097164669,0.4534420334599641,0.020632924393662332,21.976624583534296,0.7006122112556276,0.48220137259236345,0.19648202400000003,0.4028503257471308,True
33550.0,10226.04,102.11998789213368,285.47919057113495,272.83040621515363,754.5156762693249,718.586358351738,863.0,High speed cruise,620.9672671691611,676.7690824534142,718.586358351738,0.454437872103865,0.02067218466344264,21.98305982180527,0.7006674898943163,0.48212830170886706,0.19606719119999994,0.40208791103289393,True
33600.0,10241.28,102.09087909406979,285.438419794616,272.7914319715009,754.4126952585889,718.4882811986561,863.0,High speed cruise,622.0155420068671,676.5757903913701,718.4882811986561,0.4554376542913467,0.020711689400814984,21.989401515137907,0.7007216713348982,0.4820552097163725,0.19565235839999995,0.4013266043214826,True
33650.0,10256.52,102.06235481935222,285.39846726300266,272.7532395232704,754.3117993146686,718.3921898234939,863.0,High speed cruise,623.0728861261907,676.3864043659801,718.3921898234939,0.4564414058402758,0.020751440864855097,21.995648823273317,0.7007747474390216,0.4819820965993217,0.19523752559999996,0.4005664044881865,True
33700.0,10271.76,102.03441888262758,285.35933833446927,272.7158339862894,754.2130007710175,718.2980959723976,863.0,High speed cruise,624.1393858495379,676.2009481423992,718.2980959723976,0.45744915283908955,0.02079144134317544,22.001800899159026,0.7008267099828667,0.48190896234213804,0.19482269279999997,0.39980731040894923,True
33750.0,10287.0,102.00707514912254,285.3210384377591,272.67922054368137,754.116312153255,718.2060115745285,863.0,High speed cruise,625.2151286340157,676.0194458399069,718.2060115745285,0.4584609216509235,0.020831693152398013,22.007856888874556,0.7008775506558335,0.48183580692922673,0.1944078600000001,0.399049320960365,True
33800.0,10302.24,101.98032753550493,285.2835730733821,272.64340444700554,754.0217461825399,718.1159487452761,863.0,High speed cruise,626.3002030904515,675.8419219380988,718.1159487452761,0.45947673891781793,0.020872198638636884,22.01381593155561,0.7009272610592011,0.48176263034497446,0.1939930272,0.39829243501967976,True
33850.0,10317.480000000001,101.95418001076266,285.24694781483794,272.6083910174208,753.9293157790132,718.0279197895364,863.0,High speed cruise,627.3946990027988,675.6684012832104,718.0279197895364,0.46049663156500686,0.020912960177990752,22.0196771593169,0.7009758327047626,0.4816894325737494,0.19357819440000001,0.39753665146479183,True
33900.0,10332.720000000001,101.9286365971024,285.21116830986557,272.57418564687487,753.8390340653249,717.9419372050713,863.0,High speed cruise,628.4987073479558,675.498909094587,717.9419372050713,0.4615206268052962,0.02095398017704594,22.025439697173592,0.7010232570134297,0.48161621359990164,0.19316336160000003,0.39678196917425224,True
33950.0,10347.960000000001,101.90370137086691,285.1762402817202,272.54079379931903,753.7509143702341,717.8580136859373,863.0,High speed cruise,629.6123203159922,675.3334709712939,717.8580136859373,0.46254875214353686,0.020995261073390233,22.031102662961377,0.7010695253138113,0.48154297340776203,0.19274852880000004,0.39602838702726173,True
34000.0,10363.2,101.8793784634734,285.1421695304775,272.5082210119482,753.664970232292,717.7761621259925,863.0,High speed cruise,630.7356313308,675.1721128988768,717.7761621259925,0.4635810353811764,0.02103680533613711,22.036665167254984,0.7011146288407609,0.48146971198164373,0.19233369599999994,0.39527590390367395,True
34050.0,10378.44,101.85567206237016,285.10896193436474,272.47647289646875,753.5812154036092,717.6963956224849,863.0,High speed cruise,631.86873507118,675.0148612562635,717.6963956224849,0.46461750462091544,0.02107861546646162,22.042126313285266,0.7011585587338965,0.4813964293058408,0.19191886319999996,0.39452451868399363,True
34100.0,10393.68,101.83258641201645,285.0766234511236,272.4455551403935,753.4996638537065,717.6187274797204,863.0,High speed cruise,633.0117274923758,674.8617428228374,717.6187274797204,0.465658188271456,0.02112069399814753,22.04748519685472,0.7012013060360874,0.4813231253646288,0.19150403039999997,0.39377423024937686,True
34150.0,10408.92,101.81012581488233,285.04516011940024,272.41547350836424,753.4203297734529,717.5431712128122,863.0,High speed cruise,634.1647058480622,674.7127847856538,717.5431712128122,0.46670311505234713,0.0211630434981462,22.052740906251433,0.7012428616919122,0.48124980014226476,0.19108919759999998,0.3930250374816302,True
34200.0,10424.16,101.78829463247149,285.0145780601678,272.3862338435047,753.3432275790981,717.469740551522,863.0,High speed cruise,635.3277687128029,674.568014746831,717.469740551522,0.46775231399893136,0.021205666567147535,22.05789252216139,0.7012832165460818,0.48117645362298717,0.1906743648000001,0.39227693926321333,True
34250.0,10439.4,101.76709728636546,284.9848834781788,272.35784206880203,753.268371916392,717.3984494441828,863.0,High speed cruise,636.5010160049915,674.4274607311041,717.3984494441828,0.4688058144674,0.021248565840163523,22.062939117579155,0.7013223613418332,0.4811030857910154,0.190259532,0.3915299344772345,True
34300.0,10454.640000000001,101.74653825929286,284.9560826634509,272.3303041885191,753.1957776648013,717.3293120617155,863.0,High speed cruise,637.684549010281,674.2911511935536,717.3293120617155,0.46986364613994686,0.021291743987124176,22.06787975771684,0.7013602867192855,0.4810296966305507,0.18984469920000002,0.39078402200745405,True
34350.0,10469.880000000001,101.72662209622067,284.92818199278514,272.3036262896383,753.125459941825,717.2623428017381,863.0,High speed cruise,638.8784704055246,674.1591150275104,717.2623428017381,0.47092583903003354,0.021335203713486642,22.072713499911266,0.7013969832137638,0.480956286125775,0.18942986640000004,0.39003920073828385,True
34400.0,10485.12,101.70735340547112,284.90118793131796,272.2778145433374,753.0574341074092,717.1975562927706,863.0,High speed cruise,640.0828842832319,674.0313815726417,717.1975562927706,0.47199242348777104,0.021378947760857848,22.07743939352944,0.7014324412540869,0.48088285426085187,0.18901503360000005,0.38929546955478567,True
34450.0,10500.36,101.68906410707322,284.8757292425029,272.25386070326783,752.9943125236623,717.1374404987259,863.0,High speed cruise,641.2998496531304,673.9109244512427,717.1374404987259,0.47306514259313726,0.02142304416480312,22.082069147313675,0.7014667938440068,0.480809401019926,0.18860020079999995,0.3885528273426718,True
34500.0,10515.6,101.67110976851811,284.8505777468679,272.2298143660217,752.9309547613225,717.077099772688,863.0,High speed cruise,642.5256048972584,673.7919313768004,717.077099772688,0.4741406314674585,0.021467366517904034,22.08657643554088,0.7014997455163701,0.4807359263871229,0.18818536799999996,0.387811272988305,True
34550.0,10530.84,101.6538172439835,284.8263530208451,272.2066535290961,752.8699372971702,717.0189879020668,863.0,High speed cruise,643.7621746424749,673.6773328318092,717.0189879020668,0.47522060571157543,0.021511981673544855,22.090972971402042,0.7015314293307966,0.4806624303465499,0.18777053519999998,0.3870708053786995,True
34600.0,10546.08,101.63719141048082,284.80306190528233,272.18438472439726,752.8112765299271,716.9631205046926,863.0,High speed cruise,645.0096689302924,673.5671600552618,716.9631205046926,0.4763050970976207,0.021556892525469957,22.095257771260652,0.701561835270659,0.4805889128822947,0.1873557024,0.3863314234015188,True
34650.0,10561.32,101.62123721447068,284.7807113378672,272.16301457619005,752.7549891251695,716.9095134525423,863.0,High speed cruise,646.2681993495498,673.4614447768066,716.9095134525423,0.47739413776368517,0.02160210200693657,22.09942984300282,0.7015909532036262,0.48051537397842653,0.1869408696,0.38559312594507644,True
34700.0,10576.560000000001,101.60595967314599,284.7593083549115,272.14254980279514,752.701092020436,716.8581828766057,863.0,High speed cruise,647.5378790643296,673.3602192260759,716.8581828766057,0.47848776021995054,0.021647613091426904,22.103488185930573,0.7016187728797156,0.48044181361899546,0.18652603680000002,0.3848559118983372,True
34750.0,10591.800000000001,101.59136387574402,284.73886009317545,272.1229972183265,752.6496024304545,716.8091451718614,863.0,High speed cruise,648.8188228425005,673.263516142235,716.8091451718614,0.47958599735496465,0.0216934287933768,22.107431790652967,0.7016452839292991,0.4803682317880327,0.18611120400000003,0.3841197801509146,True
34800.0,10607.04,101.57745498489008,284.7193737917355,272.1043637344679,752.600537852495,716.7624170023762,863.0,High speed cruise,650.1111470849016,673.1713687837633,716.7624170023762,0.48068888244204894,0.021739552168920685,22.11125963897507,0.7016704758610682,0.4802946284695503,0.18569637120000004,0.38338472959307307,True
34850.0,10622.28,101.564238237972,284.70085679389626,272.08665636229233,752.5539160718575,716.718015306531,863.0,High speed cruise,651.414969855188,673.0838109384721,716.718015306531,0.48179644914585357,0.021785986316653953,22.114970703784564,0.7016943380599516,0.48022100364754144,0.18528153840000006,0.3826507591157267,True
34900.0,10637.52,101.55171894854723,284.6833165491455,272.0698822141224,752.5097551674876,716.675957302369,863.0,High speed cruise,652.730410910352,673.0008769337579,716.675957302369,0.4829087315290559,0.021832734378412728,22.11856394893602,0.7017168597849878,0.48014735730598007,0.18486670559999996,0.3819178676104391,True
34950.0,10652.76,101.53990250778328,284.6667606151575,272.05404850543596,752.4680735177338,716.6362604930798,863.0,High speed cruise,654.0575917319434,672.9226016471138,716.6362604930798,0.4840257640592114,0.021879799540071913,22.122038329132724,0.7017380301671493,0.48007368942882095,0.18445187279999997,0.38118605396942257,True
35000.0,10668.0,101.52879438593236,284.65119665984207,272.03916255681554,752.4288898062447,716.5989426726139,863.0,High speed cruise,655.3966355580046,672.8490205168902,716.5989426726139,0.485147581615755,0.02192718503236153,22.125392789806053,0.7017578382071177,0.48000000000000004,0.18403703999999999,0.3804553170855409,True
35050.0,10683.24,101.518400133841,284.63663246344345,272.02523179594556,752.3922230280144,716.5640219314423,863.0,High speed cruise,656.7476674157394,672.780169553323,716.5640219314423,0.48627421949716804,0.021974894131702588,22.128626266992264,0.7017762727730092,0.47992628900343354,0.1836222072,0.3797256558523058,True
35100.0,10698.480000000001,101.50872538449683,284.62307592068953,272.0122637596551,752.358092495575,716.5315166624524,863.0,High speed cruise,658.11081415494,672.7160853498362,716.5315166624524,0.4874057134283041,0.022022930161062368,22.131737687206652,0.701793322598047,0.4798525564230191,0.1832073744,0.3789970691638785,True
35150.0,10713.720000000001,101.49977585461143,284.610535042992,272.000266096012,752.3265178453468,716.5014455669968,863.0,High speed cruise,659.486204482192,672.6568050946179,716.5014455669968,0.4885420995678817,0.022071296490829943,22.13472596731499,0.7018089762781821,0.4797788022426348,0.18279254160000002,0.3782695559150698,True
35200.0,10728.960000000001,101.49155734624242,284.59901796070034,271.98924656646557,752.2975190441446,716.47382766109,863.0,High speed cruise,660.8739689958753,672.602366582489,716.47382766109,0.4896834145161546,0.022119996539712687,22.137590014402193,0.701823222269657,0.4797050264461393,0.18237770880000004,0.37754311500133964,True
35250.0,10744.2,101.48407574845469,284.5885329254102,271.97921304804197,752.2711163958529,716.4486822817646,863.0,High speed cruise,662.2742402219878,672.5528082270688,716.4486822817646,0.49082969532275456,0.02216903377565402,22.140328725638124,0.7018360488865163,0.4796312290173722,0.18196287600000005,0.37681774531879636,True
35300.0,10759.44,101.4773370390229,284.5790883123289,271.97017353559335,752.2473305482653,716.426029093586,863.0,High speed cruise,663.6871526508174,672.5081690732455,716.426029093586,0.49198097949471964,0.02221841171677331,22.142940988140445,0.7018474442980561,0.47955740994015383,0.18154804320000006,0.37609344576419784,True
35350.0,10774.68,101.47134728617499,284.570692622698,271.96213614410055,752.2261825000999,716.4058880953332,863.0,High speed cruise,665.1128427744786,672.468488809961,716.4058880953332,0.4931373050047102,0.022268133932328484,22.14542567883437,0.7018573965262161,0.47948356919828466,0.18113321039999997,0.3753702152349503,True
35400.0,10789.92,101.4661126503792,284.5633544862757,271.95510911103486,752.2076936081963,716.3882796268537,863.0,High speed cruise,666.5514491253442,672.4338077833188,716.3882796268537,0.49429871029941513,0.022318204043701773,22.14778166430945,0.7018658934429097,0.4794097067755465,0.18071837759999998,0.3746480526291092,True
35450.0,10805.16,101.4616393861759,284.55708266388183,271.94910079877474,752.1918855948943,716.3732243760898,863.0,High speed cruise,668.0031123153983,672.404167010031,716.3732243760898,0.49546523430816286,0.022368625725409885,22.150007800672963,0.701872922767291,0.47933582265570107,0.1803035448,0.37392695684537786,True
35500.0,10820.4,101.45793384405474,284.5518860500049,271.94411969708585,752.1787805556042,716.3607433862896,863.0,High speed cruise,669.4679750765367,672.3796081912061,716.3607433862896,0.49663691645172964,0.02241940270613852,22.152102933400116,0.7018784720629564,0.479261916822491,0.179888712,0.3732069267831091,True
35550.0,10835.640000000001,101.45500247237882,284.5477736754751,271.9401744256605,752.1684009665756,716.3508580634052,863.0,High speed cruise,670.9461823018378,672.3601737264917,716.3508580634052,0.4978137966513646,0.022470538769802706,22.154065897180775,0.7018825287350812,0.4791879892596393,0.1794738791999999,0.37248796134230283,True
35600.0,10850.880000000001,101.45285181935796,284.5447547102049,271.93727373672186,752.1607696928662,716.3435901836822,863.0,High speed cruise,672.4378810878366,672.3459067285855,716.3435901836822,0.4989959153380274,0.02252203775663313,22.155895515762754,0.7018850800274851,0.4791140399508495,0.17905904640000003,0.37177005942360847,True
35650.0,10866.12,101.4514885350712,284.5428384659975,271.93542651769326,752.1559099965206,716.3389619014482,863.0,High speed cruise,673.9432207778361,672.3368510381215,716.3389619014482,0.5001833134618516,0.022573903564289743,22.157590601791394,0.7018861130196291,0.4790400688798053,0.17864421360000005,0.37105321992832274,True
35700.0,10881.36,101.45091937354191,284.5420343994287,271.9346417939358,752.1538455449655,716.33699575711,863.0,High speed cruise,675.4623530062743,672.3330512389489,716.33699575711,0.5013760325018363,0.022626140149003056,22.159149956645507,0.7018856146235379,0.47896607603017155,0.17822938080000006,0.37033744175839095,True
35750.0,10896.6,101.45115119486513,284.5423521148007,271.9349287315545,752.1546004196251,716.3377146853572,863.0,High speed cruise,676.9954317441897,672.3345526738083,716.3377146853572,0.5025741144757739,0.02267875152674423,22.160572370269435,0.7018835715806484,0.4788920613855925,0.17781454800000007,0.36962272381640643,True
35800.0,10911.84,101.45219096739,284.54380136717225,271.93629664027713,752.1581991247687,716.3411420235891,863.0,High speed cruise,678.5426133458121,672.341401460424,716.3411420235891,0.5037776019504244,0.022731741774424736,22.161856621001203,0.7018799704585805,0.4788180249296935,0.17739971519999997,0.3689090650056096,True
35850.0,10927.08,101.45404576995912,284.5463920654678,271.93875497640636,752.164666596591,716.3473015205628,863.0,High speed cruise,680.1040565963139,672.3536445080243,716.3473015205628,0.5049865380519356,0.022785115031126485,22.163001475396516,0.7018747976478282,0.47874396664607966,0.1769848824,0.36819646422989005,True
35900.0,10942.32,101.45672279420548,284.55013427566587,271.94231334584845,752.1740282125404,716.3562173452766,863.0,High speed cruise,681.6799227607598,672.3713295343011,716.3562173452766,0.5062009664765276,0.022838875499363483,22.164005688048668,0.7018680393583686,0.47866988651833686,0.1765700496,0.36748492039378433,True
35950.0,10957.560000000001,101.46057766116198,284.55568315137117,271.94797237862383,752.1889167472116,716.3703969021062,863.0,High speed cruise,683.2726769526325,672.3975529716736,716.3703969021062,0.507422780350388,0.022893104552227324,22.164874108392592,0.7018597500770128,0.47859578453003093,0.17615521680000001,0.3667744324024753,True
36000.0,10972.800000000001,101.46492857014023,284.56177232155954,271.95377925775256,752.2041946916562,716.3849473253869,863.0,High speed cruise,684.8779400194474,672.4263303757729,716.3849473253869,0.508648366828861,0.022947654227336713,22.16559312728909,0.7018497773157668,0.478521660664708,0.17574038399999992,0.3660649991617959,True
36050.0,10988.04,101.47012418710064,284.56904453938824,271.9607164239309,752.2224470090603,716.4023304848192,863.0,High speed cruise,686.4981269717813,672.4606996671422,716.4023304848192,0.5098795813836615,0.023002604174927242,22.16616768719728,0.7018381765054106,0.47844751490589427,0.17532555120000004,0.3653566195782242,True
36100.0,11003.28,101.47617218620775,284.57751054467593,271.9687941296605,752.2437009843093,716.4225723660089,863.0,High speed cruise,688.1334095747078,672.5007120341463,716.4225723660089,0.511116470141768,0.023057958866700482,22.16659649262819,0.7018249330943346,0.4783733472370961,0.17491071840000005,0.36464929255888645,True
36150.0,11018.52,101.48308036712264,284.58718125200045,271.9780227940217,752.26798439577,716.4456994245428,863.0,High speed cruise,689.783962339922,672.5464195677694,716.4456994245428,0.5123590798592711,0.023113722844695154,22.16687823514605,0.7018100323319527,0.47829915764180037,0.17449588560000007,0.36394301701155657,True
36200.0,11033.76,101.4650749848565,284.5619560608445,271.95390394532234,752.2045227504708,716.3852597623531,863.0,High speed cruise,691.401293971254,672.4271987367764,716.3852597623531,0.5135429422906461,0.023168299172132402,22.1657592762939,0.7018427716112415,0.4782080886048521,0.17408105280000008,0.36307777197166674,True
36250.0,11049.0,101.44688137529593,284.5364670311898,271.92953278783057,752.1404049669424,716.3241952066118,863.0,High speed cruise,693.0311867695301,672.3067416705632,716.3241952066118,0.5147281410959131,0.023223124944845384,22.16446504587069,0.7018758676529326,0.4781164785860624,0.17366621999999998,0.3622092968126313,True
36300.0,11064.24,101.42944871735058,284.5120436588737,271.90617979921404,752.0789731687692,716.265688732161,863.0,High speed cruise,694.675556863318,672.1913308529399,716.265688732161,0.5159179970331352,0.02327830374692254,22.163040857362343,0.7019075029780761,0.47802488655531644,0.1732513872,0.3613429031718408,True
36350.0,11079.480000000001,101.41278186089436,284.4886927481815,271.8838514742373,752.0202435035201,716.209755717638,863.0,High speed cruise,696.334554650021,672.0809971362485,716.209755717638,0.5171125425937438,0.023333839038164043,22.161485803856447,0.7019376674993505,0.4779333125089971,0.1728365544,0.36047858605049754,True
36400.0,11094.720000000001,101.3968857321947,284.46642120978413,271.86255440906433,751.9642324190161,716.1564118276343,863.0,High speed cruise,698.0083327074619,671.9757719219559,716.1564118276343,0.518311810661708,0.023389734326180328,22.15979897136143,0.7019663510078142,0.4778417564434882,0.17242172160000002,0.35961634046183283,True
36450.0,11109.960000000001,101.38176533535903,284.445236062748,271.84229530316895,751.9109566690843,716.1056730181754,863.0,High speed cruise,699.6970458342317,671.8756871711793,716.1056730181754,0.5195158345205091,0.023445993167278713,22.15797943870199,0.7019935431707184,0.4777502183551741,0.17200688879999992,0.35875616143107714,True
36500.0,11125.2,101.36742575381626,284.4251444365945,271.8230809612919,751.8604333194548,716.0575555423379,863.0,High speed cruise,701.4008510909725,671.7807754154725,716.0575555423379,0.5207246478602797,0.023502619167371026,22.156026277412014,0.7020192335292679,0.47765869824043994,0.17159205599999994,0.35789804399543135,True
36550.0,11140.44,101.35387215183427,284.4061535734079,271.80491829544474,751.8126797538077,716.0120759560074,863.0,High speed cruise,703.1199078426112,671.6910697678834,716.0120759560074,0.5219382847851031,0.023559615982902578,22.15393855162488,0.7020434114963309,0.47756719609567166,0.17117722320000006,0.3570419832040386,True
36600.0,11155.68,101.34110977607483,284.388270829996,271.78781432696235,751.7677136799716,715.9692511237824,863.0,High speed cruise,704.8543778015787,671.6066039342878,715.9692511237824,0.5231567798204899,0.02361698732180357,22.15171531796113,0.7020660663540945,0.477475711917256,0.17076239040000007,0.3561879741179544,True
36650.0,11170.92,101.32914395718566,284.3715036801019,271.7717761886047,751.7255531362789,715.9290982250275,863.0,High speed cruise,706.6044250720275,671.5274122250055,715.9290982250275,0.5243801679210242,0.023674736944462937,22.149355625413467,0.7020871872516667,0.4773842457015802,0.1703475576000001,0.3553360118101184,True
36700.0,11186.16,101.31798011143283,284.3558597166718,271.75681112671185,751.6862164980877,715.8916347600834,863.0,High speed cruise,708.3702161950986,671.453529566716,715.8916347600834,0.5256084844781945,0.023732868664725945,22.14685851522888,0.70210676320262,0.47729279744503256,0.1699327248,0.3544860913653263,True
36750.0,11201.400000000001,101.30762374237285,284.34134665417776,271.74292650340976,751.6497224844652,715.8568785566334,863.0,High speed cruise,710.1519201952449,671.3849915146743,715.8568785566334,0.5268417653284094,0.023791386350915784,22.144223020787948,0.702124783082478,0.47720136714400185,0.169517892,0.3536382078802001,True
36800.0,11216.640000000001,101.29808044256664,284.32797233099814,271.7301297988719,751.6160901650478,715.824847776236,863.0,High speed cruise,711.9497086276582,671.3218342652362,715.824847776236,0.5280800467612028,0.023850293926880036,22.141448167481066,0.7021412356261417,0.4771099547948777,0.16910305920000002,0.35279235646316065,True
36850.0,11231.880000000001,101.28935589533671,284.3157447118585,271.7184286136375,751.5853389670791,715.7955609210277,863.0,High speed cruise,713.7637556268219,671.2640946687134,715.7955609210277,0.5293233655276396,0.023909595373062798,22.138532972581782,0.7021561094252545,0.4770185603940508,0.16868822640000003,0.35194853223439876,True
36900.0,11247.12,101.2814558765673,284.30467189033124,271.70783067098506,751.5574886826239,715.7690368405943,863.0,High speed cruise,715.5942379562207,671.2118102425475,715.7690368405943,0.530571758848919,0.023969294727603015,22.135476445116808,0.7021693929255037,0.4769271839379118,0.16827339359999993,0.3511067303258466,True
36950.0,11262.36,101.27438625655203,284.2947620914014,271.69834381936914,753.3134018122156,717.4413350592529,863.0,Cruise,717.4413350592529,671.165019184841,715.7452947390326,0.5318252644251927,0.02402939608746022,22.13227758573286,0.7021810744238557,0.4768358254228528,0.16785856079999995,0.35026694588114965,True
37000.0,11277.6,101.26815300188639,284.28602367409485,271.6899760349149,755.2704905669312,719.305229111363,863.0,Cruise,719.305229111363,671.1237603882278,715.724354182185,0.5330839204445896,0.02408990360956785,22.128935386560173,0.7021911420657255,0.47674448484526644,0.16744372800000007,0.34942917405563884,True
37050.0,11292.84,101.26276217740987,284.2784651341745,271.68273542397895,757.2454103271226,721.1861050734501,863.0,Cruise,721.1861050734501,671.0880734541134,715.7062351050771,0.5343477655924711,0.024150821512015818,22.125448831072507,0.7021995838420761,0.47665316220154597,0.16702889520000008,0.3485934100163017,True
37100.0,11308.08,101.25821994819717,284.2720951069049,271.6766302257724,759.2383582838926,723.0841507465644,863.0,Cruise,723.0841507465644,671.0579987072879,715.6909578195417,0.5356168390609061,0.024212154075262383,22.121816893943652,0.7022063875864467,0.4765618574880854,0.1666140624000001,0.3477596489417543,True
37150.0,11323.32,101.25453258160172,284.266922369889,271.6716688150538,761.2495346693568,724.9995568279588,863.0,Cruise,724.9995568279588,671.0335772109282,715.678543022055,0.5368911805583855,0.02427390564337685,22.11803854090026,0.7022115409719071,0.4764705707012798,0.1661992296,0.3469278860222139,True
37200.0,11338.560000000001,101.2517064493509,284.2629558459768,271.6678597048893,763.2791428169364,726.932516968511,863.0,Cruise,726.932516968511,671.0148507819938,715.6690118017772,0.5381708303197758,0.02433608062531371,22.114112728570824,0.7022150315079366,0.47637930183752447,0.1657843968,0.3460981164594701,True
37250.0,11353.800000000001,101.25011342668198,284.2608662947986,271.6662012138747,765.3301769007077,728.8858827625787,863.0,Cruise,728.8858827625787,671.0049858686106,715.6648619538415,0.5394577943303267,0.024398772367548425,22.11003841520454,0.7022168466593107,0.4762880508932159,0.16536956400000002,0.3452703354668581,True
37300.0,11369.04,101.24903716316679,284.2593531996555,271.664742121845,767.3973419758989,730.854611405618,863.0,Cruise,730.854611405618,670.997842488685,715.6612110669905,0.540748226629712,0.0244618099129523,22.105814269425373,0.702216970574103,0.4761968178647511,0.16495473120000004,0.3444445382692293,True
37350.0,11384.28,101.24884212178414,284.2590743675326,271.6644622466193,769.4835702890172,732.8414955133496,863.0,Cruise,732.8414955133496,670.9965261157391,715.6605107764427,0.5420440923893395,0.02452528457193013,22.101439467484266,0.7022153930337396,0.47610560274852787,0.16453989839999994,0.34362072010292477,True
37400.0,11399.52,101.2495351214676,284.2600393455273,271.66537070025606,771.5890782952453,734.846741233567,863.0,Cruise,734.846741233567,671.0010818048244,715.6627838697079,0.5433454340957351,0.024589201028956197,22.096912927585265,0.7022121008553869,0.47601440554094476,0.16412506559999995,0.3427988762157472,True
37450.0,11414.76,101.25112309715475,284.26225784219247,271.66747674865803,773.7140858793505,736.8705579803337,863.0,Cruise,736.8705579803337,671.0115554505375,715.6680535721817,0.5446522948170578,0.024653564040375192,22.092233557999144,0.7022070806755637,0.475923226238401,0.16371023279999997,0.3419790018669332,True
37500.0,11430.0,101.25361310225036,284.26573973095657,271.6707898148207,775.8588164258022,738.913158500764,863.0,Cruise,738.913158500764,671.0279938051912,715.6763435566633,0.5459647182147356,0.024718378435892148,22.08740025688624,0.7022003189465033,0.4758320648372967,0.1632954000000001,0.34116109232712577,True
37550.0,11445.24,101.25701231115646,284.27049505363595,271.67531948216913,778.0234968906964,740.9747589435202,863.0,Cruise,740.9747589435202,671.050444497493,715.687677953138,0.5472827485554044,0.02478364912010182,22.082411912114576,0.7021918019324206,0.47574092133403245,0.1628805672000001,0.3403451428783467,True
37600.0,11460.480000000001,101.26132802187091,284.2765340240427,271.681075497984,780.2083578755171,743.0555789290638,863.0,Cruise,743.0555789290638,671.0789560517408,715.7020813588337,0.5486064307231575,0.02484938107405864,22.077267401073094,0.7021815157056832,0.4756497957250098,0.1624657344,0.3395311488139691,True
37650.0,11475.720000000001,101.26656765865687,284.28386703168974,271.6880677769214,782.4136337028211,745.1558416217343,863.0,Cruise,745.1558416217343,671.1135779075555,715.7195788485623,0.549935810232118,0.024915579356888734,22.07196559047984,0.7021694461428806,0.4755586880066311,0.16205090160000002,0.3387191054386906,True
37700.0,11490.960000000001,101.27273877478568,284.2925046455983,271.69630640462685,784.6395624938858,747.2757738037008,863.0,Cruise,747.2757738037008,671.1543604401691,715.7401959853512,0.5512709332393431,0.02498224910744531,22.066505336184925,0.7021555789207904,0.47546759817529927,0.16163606880000003,0.33790900806850527,True
37750.0,11506.2,101.27984905535543,284.3024576182097,271.70580164145025,786.8863862483896,749.4156059508473,863.0,Cruise,749.4156059508473,671.2013549812849,715.7639588313801,0.5526118465580696,0.025049395546008713,22.060885482968107,0.7021398995122378,0.47537652622741805,0.16122123600000005,0.33710085203067686,True
37800.0,11521.44,101.28790632018762,284.313736889405,271.71656392626136,789.154350926191,751.575572310658,863.0,Cruise,751.575572310658,671.2546138405311,715.7908939592281,0.5539585976713156,0.025117023976032837,22.05510486433082,0.7021223931818439,0.47528547215939176,0.16080640319999995,0.33629463266371146,True
37850.0,11536.68,101.296918526805,284.32635359063784,271.72860388037304,791.4437065312685,753.7559109821605,863.0,Cruise,753.7559109821605,671.3141903275286,715.8210284634469,0.5553112347458465,0.025185139785939302,22.04916230228244,0.7021030449816602,0.47519443596762584,0.16039157039999996,0.3354903453173306,True
37900.0,11551.92,101.30689377349277,284.34031904918106,271.74193231157113,793.7547071978993,755.9568639979992,863.0,Cruise,755.9568639979992,671.3801387745897,715.8543899724666,0.5566698066465177,0.025253748450960945,22.043056607120654,0.7020818397466855,0.47510341764852604,0.15997673759999997,0.33468798535244376,True
37950.0,11567.16,101.3178403024462,284.35564479249473,271.7565602182594,796.0876112791393,758.1786774087041,863.0,Cruise,758.1786774087041,671.452514560077,715.89100666085,0.5580343629510081,0.02532285553503643,22.03678657720563,0.7020587620902601,0.47501241719849896,0.1595619048,0.33388754814112204,True
38000.0,11582.400000000001,101.32976650300769,284.372342552716,271.77249879372005,798.4426814376867,760.4216013692254,863.0,Cruise,760.4216013692254,671.5313741324352,715.9309072619019,0.5594049539649565,0.025392466692757548,22.03035099872791,0.7020337963993353,0.47492143461395236,0.159147072,0.3330890290665705,True
38050.0,11597.640000000001,101.34268091499622,284.3904242712784,271.78975943049534,800.8201847392047,762.685890227814,863.0,Cruise,762.685890227814,671.6167750349308,715.9741210806528,0.5607816307375129,0.025462587671371065,22.023748645469734,0.702006926829612,0.474830469891294,0.1587322392,0.33229242352310207,True
38100.0,11612.880000000001,101.35659223213251,284.4099021036619,271.8083537248937,803.2203927481846,764.9718026173186,863.0,Cruise,764.9718026173186,671.7087759311127,716.0206780072249,0.5621644450773216,0.025533224312837027,22.016978278559556,0.7019781373005456,0.47473952302693306,0.15831740640000003,0.33149772691611057,True
38150.0,11628.12,101.37150930556301,284.43078842428105,271.8282934816248,805.6435816264329,767.2796015489837,863.0,Cruise,767.2796015489837,671.8074366310311,716.0706085305925,0.5635534495689478,0.02560438255594536,22.010038646219577,0.7019474114902108,0.4746485940172791,0.15790257360000004,0.33070493466204337,True
38200.0,11643.36,101.38744114748663,284.4530958315141,271.849590718569,808.0900322342748,769.6095545088331,863.0,Cruise,769.6095545088331,671.9128181182323,716.1239437527605,0.5649486975897662,0.025676068438492933,22.002928483506025,0.7019147328300234,0.47455768285874245,0.15748774080000005,0.32991404218837544,True
38250.0,11658.6,101.40477310289995,284.4775061794806,271.8732359660063,810.5631292830747,771.9648850314996,863.0,Cruise,771.9648850314996,672.0281434895268,716.1831657835346,0.566352281259519,0.025748386544044103,21.995641563433136,0.7018800286003561,0.47446678954773414,0.15707290799999996,0.32912504493358274,True
38300.0,11673.84,101.4227719263219,284.5027111678405,271.8973083088097,813.0570580443731,774.3400552803553,863.0,Cruise,774.3400552803553,672.1472334811675,716.2434646816555,0.5677602330898407,0.025821149148563094,21.988186111439415,0.7018433892056631,0.4743759140806662,0.15665807519999997,0.32833793834711555,True
38350.0,11689.08,101.44181387991775,284.5293769698642,271.9227762327859,815.5751237375164,776.7382130833488,863.0,Cruise,776.7382130833488,672.273237095985,716.3072672428971,0.56917459526247,0.02589445822764596,21.98055623557308,0.7018047455240217,0.4742850564539511,0.15624324239999998,0.32755271788937157,True
38400.0,11704.32,101.46190867090135,284.55751715327494,271.94965268524925,818.1176272277146,779.1596449787758,863.0,Cruise,779.1596449787758,672.4062203955856,716.3746072397091,0.570595424571352,0.02596832024250449,21.972750614705202,0.7017640799352198,0.47419421666400224,0.1558284096,0.32676937903167047,True
38450.0,11719.560000000001,101.4830661878762,284.58714553807073,271.97795085378715,820.6848746353206,781.6046425098291,863.0,Cruise,781.6046425098291,672.5462507669544,716.4455191380071,0.5720227786980143,0.026042741765424475,21.96476791308731,0.7017213745432046,0.4741033947072335,0.1554135768,0.3259879172562262,True
38500.0,11734.800000000001,101.50529650518419,284.61827620255593,272.007684171985,823.2771774556929,784.073502338755,863.0,Cruise,784.073502338755,672.6933969549583,716.5200381142822,0.5734567162316991,0.026117729482362097,21.956606780040648,0.701676611169806,0.4740125905800599,0.15499874400000002,0.3252083280561228,True
38550.0,11750.04,101.52860988738506,284.65092348955443,272.0388663253234,825.8948526825143,786.5665263642992,863.0,Cruise,786.5665263642992,672.8477290958497,716.5982000732458,0.5748972966900958,0.02619329019561832,21.94826584963603,0.701629771348276,0.473921804278897,0.15458391120000003,0.3244306069352862,True
38600.0,11765.28,101.55301679387337,284.6851020128125,272.0715112572535,828.5382229346717,789.0840218425444,863.0,Cruise,789.0840218425444,673.0093187518195,716.6800416660234,0.5763445805406747,0.026269430826593082,21.939743740364154,0.7015808363166391,0.4738310358001608,0.15416907840000005,0.3236547494084587,True
38650.0,11780.52,101.57852788363859,284.72082666359915,272.1056331754594,831.2076165868482,791.6263015112839,863.0,Cruise,791.6263015112839,673.1782389466434,716.7656003089339,0.5777986292226621,0.026346158418623193,21.93103905479579,0.701529787010842,0.47374028514026856,0.15375424560000006,0.32288075100117336,True
38700.0,11795.76,101.60515402017093,284.7581126175095,272.1412465583114,833.9033679039363,794.1936837180345,863.0,Cruise,794.1936837180345,673.3545642024467,716.854914202857,0.5792595051696694,0.026423480139906447,21.922150379231624,0.7014766040577008,0.47364955229563793,0.15333941279999996,0.32210860724972795,True
38750.0,11811.0,101.63290627652243,284.79697534148005,272.17836616152096,836.6258171794271,796.7864925518354,863.0,Cruise,796.7864925518354,673.5383705776514,716.9480223532305,0.580727271833008,0.026501403286515568,21.91307628334132,0.7014212677676348,0.47355883726268744,0.15292457999999998,0.3213383137011582,True
38800.0,11826.24,101.66179594052434,284.83743060102273,272.2170070250002,839.3753108779085,799.4050579789605,863.0,Cruise,799.4050579789605,673.7297357061261,717.0449645906821,0.5822019937057041,0.026579935285504765,21.903815319791434,0.7013637581271799,0.47346814003783627,0.1525097472,0.32056986591321274,True
38850.0,11841.480000000001,101.69183452017214,284.8794944676888,272.25718447993864,842.152201781826,802.0497159826914,863.0,Cruise,802.0497159826914,673.9287388376151,717.1457815923395,0.5836837363472533,0.026659083698113123,21.894366023861703,0.7013040547912731,0.4733774606175044,0.1520949144,0.3198032594543267,True
38900.0,11856.720000000001,101.72303374917892,284.92318332676615,272.298914156101,844.9568491426612,804.7208087072963,863.0,Cruise,804.7208087072963,674.1354608794644,717.2505149038298,0.5851725664091296,0.026738856223067826,21.884726913049352,0.7012421370753016,0.4732867989981125,0.15168008160000002,0.3190384899035964,True
38950.0,11871.960000000001,101.75540559270867,284.9685138852244,272.34221198935694,847.7896188366859,807.4186846063675,863.0,Cruise,807.4186846063675,674.3499844397181,717.359206962002,0.5866685516610823,0.026819260699991215,21.874896486660965,0.7011779839469037,0.4731961551760821,0.15126524880000003,0.318275552850754,True
39000.0,11887.2,101.78896225329282,285.0155031799144,272.3870942294522,850.6508835254798,810.1436985956951,863.0,Cruise,810.1436985956951,674.5723938716313,717.4719011184038,0.5881717610182596,0.02690030511291632,21.864873225391257,0.7011115740175154,0.4731055291478352,0.15085041600000004,0.31751444389614025,True
39050.0,11902.44,101.82371617693892,285.0641685860313,272.4335774480269,853.5410228213559,812.8962122108152,863.0,Cruise,812.8962122108152,674.8027753196519,717.5886416635329,0.589682264569167,0.026981997593913523,21.854655590888676,0.7010428855336535,0.47301492090979486,0.15043558320000006,0.31675515865068116,True
39100.0,11917.68,101.86007745522178,285.11522315396223,272.4826740789397,856.4639277932579,815.6799312316741,863.0,Cruise,815.6799312316741,675.0445093084114,717.7119749797375,0.5912022935981055,0.027064457164637585,21.844232455937462,0.7009717872673531,0.47292433045838456,0.15002075040000007,0.31599769273586037,True
39150.0,11932.92,101.8972763423096,285.16731475577984,272.53243824502965,859.4131052297143,818.4886716473469,863.0,Cruise,818.4886716473469,675.2911980801222,717.8370159030045,0.5927276665984915,0.027147474583210658,21.83362083208519,0.7008984685676151,0.4728337577900289,0.14960591759999997,0.31524204178369547,True
39200.0,11948.16,101.93571180821655,285.22113746023194,272.5838561044993,862.3923445450807,821.3260424238864,863.0,Cruise,821.3260424238864,675.5461321253562,717.9662445062158,0.5942605538413858,0.027231165546393835,21.822810075056903,0.7008228034642309,0.4727432029011528,0.14919108479999998,0.3144882014367113,True
39250.0,11963.400000000001,101.97539735763394,285.2767101178246,272.63694564247135,865.4020551483732,824.192433474641,863.0,Cruise,824.192433474641,675.8094053986174,718.0997092003912,0.5958010305112745,0.027315538824193436,21.81179856439706,0.7007447686355436,0.47265266578818227,0.148776252,0.3137361673479152,False
39300.0,11978.640000000001,102.01634677337617,285.3340519655877,272.6917252120264,868.4426543194264,827.0882422089775,863.0,Cruise,827.0882422089775,676.0811139071795,718.2374594745838,0.5973491731247719,0.027400603354995424,21.800584658142892,0.7006643403461846,0.47256214644754363,0.1483614192,0.3129859351807719,False
39350.0,11993.880000000001,102.05857412386278,285.39318263744394,272.7482135440351,871.5145674087915,830.0138737226584,863.0,Cruise,830.0138737226584,676.3613557676399,718.3795459257835,0.5989050595646825,0.027486368249984523,21.789166692293726,0.7005814944364843,0.4724716448756645,0.14794658640000002,0.312237500609178,False
39400.0,12009.12,102.10209377085289,285.4541221749255,272.80642975732053,874.6182280440814,832.9697409943633,863.0,Cruise,832.9697409943633,676.650231264419,718.5260202898605,0.6004687691151825,0.027572842797711383,21.777542980262556,0.7004962063115332,0.4723811610689728,0.14753175360000004,0.31149085931743664,False
39450.0,12024.36,102.14692037744872,285.51689103826374,272.8663933691705,877.7540783430405,835.95626508861,863.0,Cruise,835.95626508861,676.9478429103337,718.6769354736059,0.6020403824981753,0.027660036468814563,21.765711812309014,0.700408450929878,0.4722906950238972,0.14711692080000005,0.310746007000233,False
39500.0,12039.6,102.19306891637312,285.5815101178564,272.9281243062064,880.9225691335823,838.9738753653164,863.0,Cruise,838.9738753653164,677.2542955092888,718.8323455879016,0.6036199819108601,0.027747958920902954,21.75367145495318,0.7003182027918397,0.47220024673686734,0.14670208800000006,0.31000293936260903,False
39550.0,12054.84,102.24055467853678,285.64800074613447,272.9916429156293,884.1241601810929,842.0230096962789,863.0,Cruise,842.0230096962789,677.5696962212012,718.992305982076,0.6052076510645693,0.027836620003605914,21.741420150369247,0.7002254359274361,0.4721098162043136,0.14628725520000008,0.30926165211993845,False
39600.0,12070.08,102.28939328190611,285.7163847098457,273.0569699768569,887.3593204232965,845.1041146888539,863.0,Cruise,845.1041146888539,677.8941546292506,719.1568732794944,0.6068034752249268,0.027926029763797974,21.72895611575832,0.7001301238838946,0.47201940342266674,0.14587242239999998,0.3085221409979014,False
39650.0,12085.32,102.3396006806839,285.7866842627675,273.12412671356714,890.6285282129733,848.2176459171174,863.0,Cruise,848.2176459171174,678.2277828095446,719.3261054144372,0.608407541253376,0.02801619845100521,21.716277542699466,0.7000322397127351,0.4719290083883586,0.1454575896,0.30778440173246024,False
39700.0,12100.560000000001,102.39119317481669,285.8589221388732,273.1931348061659,893.9322715688697,851.3640681608282,863.0,Cruise,851.3640681608282,678.5706954033153,719.5000616703176,0.6100199376501388,0.028107136523001168,21.703382596478146,0.699931755956409,0.47183863109782154,0.1450427568,0.3070484300698346,False
39750.0,12115.800000000001,102.4445924659962,285.9338209947459,273.265000440879,897.2748181111276,854.5474458201214,863.0,Cruise,854.5474458201214,678.9263311598603,719.6812845909163,0.6116429571449077,0.02819897312254156,21.69025639646344,0.6998284947099086,0.47174827154748905,0.14462792400000002,0.30631422176647705,False
39800.0,12131.04,102.49901953320737,286.01002921685756,273.33780982983023,900.6492838896611,857.7612227520582,863.0,Cruise,857.7612227520582,679.2882796933159,719.8649532896809,0.6132723628516691,0.02829148676884698,21.67692238525162,0.6997227190359735,0.47165792973379456,0.14421309119999992,0.30558177258904695,False
39850.0,12146.28,102.55488335654012,286.0882479415533,273.4125397320168,904.0598166516152,861.0093491920144,863.0,Cruise,861.0093491920144,679.6598773506714,720.0535356817379,0.6149103778639964,0.028384802687446,21.663366296217315,0.6996142577800396,0.4715676056531732,0.14379825840000005,0.304851078314388,False
39900.0,12161.52,102.61220174903772,286.16850200976376,273.4892138449815,907.506946111628,864.2923296301219,863.0,Cruise,864.2923296301219,680.0412500295806,720.2470970068567,0.6165570978461359,0.02847893223960439,21.649586180366594,0.699503081281486,0.47147729930206006,0.14338342560000006,0.30412213472950167,False
39950.0,12176.76,102.67099292393975,286.2508168182669,273.56785639524185,910.9912130599632,867.6106791047267,863.0,Cruise,867.6106791047267,680.4325266074259,720.4457040750675,0.6182126203473957,0.02857388702654669,21.63558005857035,0.699389159295037,0.4713870106768914,0.14296859280000007,0.3033949376315244,False
40000.0,12192.0,102.73127550655907,286.33521833613776,273.64849215387807,914.5131696715208,870.9649234966865,863.0,Cruise,870.9649234966865,680.8338390318866,720.6494253147275,0.619877044855512,0.02866967889641129,21.621345920728285,0.6992724609742045,0.4712967397741041,0.14255376000000008,0.302669482827702,False
40050.0,12207.24,102.79306854660629,286.4217331218128,273.73114645270454,918.0733798258832,874.3555998341744,863.0,Cruise,874.3555998341744,681.2453224149741,720.858330822438,0.6215504728519672,0.028766319951463674,21.606881724902102,0.6991529548541241,0.4712064865901357,0.1421389272,0.30194576613536545,False
40100.0,12222.480000000001,102.8563915309816,286.5103883408019,273.81584520104866,921.672419438863,877.783256608441,863.0,Cruise,877.783256608441,681.6671151307045,721.0724924148996,0.6232330078693373,0.028863822555579368,21.592185396416475,0.6990306088337607,0.4711162511214244,0.1417240944,0.30122378338190725,False
40150.0,12237.720000000001,102.9212643970554,286.6012117840733,273.9026149031645,925.3108768060924,881.2484541010404,863.0,Cruise,881.2484541010404,682.0993589165687,721.29198368279,0.6249247555507704,0.02896219934200922,21.57725482692631,0.6989053901574485,0.4710260333644096,0.1413092616,0.30050353040475675,False
40200.0,12252.960000000001,102.98770754646094,286.6942318871455,273.991482676311,928.9893529591577,884.7517647230072,863.0,Cruise,884.7517647230072,682.5421989789884,721.5168800467701,0.6266258237116843,0.02906146322143969,21.562087873448846,0.6987772653957431,0.47093583331553074,0.14089442880000003,0.2997850030513557,False
40250.0,12268.2,103.05574185942233,286.7894777499173,274.08247626952635,932.708462034871,888.2937733665439,863.0,Cruise,888.2937733665439,682.9957841029358,721.7472588157059,0.6283363224037889,0.029161627390362026,21.546682357358947,0.6986462004255484,0.47084565097122844,0.14047959599999993,0.2990681971791345,False
40300.0,12283.44,103.12538870964248,286.8869791572709,274.17562408312716,936.4688316582528,891.8750777697646,863.0,Cruise,891.8750777697646,683.4602667659208,721.9831992472218,0.6300563639815365,0.029262705339764508,21.531036063345976,0.6985121604094865,0.470755486327944,0.14006476320000005,0.29835310865548825,False
40350.0,12298.68,103.19709803532186,286.98749638724723,274.27196426950115,940.2752974131622,895.5002832506306,863.0,Cruise,895.5002832506306,683.9392816603589,722.2273403825442,0.6317883875988511,0.029364841845269662,21.515129927410964,0.6983749138767849,0.4706653393821195,0.13964993040000007,0.29763973335775196,False
40400.0,12313.92,103.27005291329914,287.08962886779943,274.36954527189397,944.1203104335191,899.1622004128752,863.0,Cruise,899.1622004128752,684.4261659025276,722.4747446854653,0.6335279522053142,0.029467794702521952,21.498994363195248,0.6982348053859655,0.47057521013019743,0.13923509760000008,0.29692806717317766,False
40450.0,12329.16,103.3446883457653,287.19411183346523,274.46937142049575,948.0085611201193,902.8652963048755,863.0,Cruise,902.8652963048755,684.9244346045692,722.7279649666682,0.6352774154294154,0.02957170395343724,21.48261109436592,0.6980916122255462,0.4704850985686215,0.1388202648000001,0.29621810599890963,False
40500.0,12344.400000000001,103.42102788233497,287.30097809678733,274.57147401206777,951.9407357030309,906.610224479077,863.0,Cruise,906.610224479077,685.4342565690604,722.987089149214,0.6370368997689229,0.02967658437663214,21.465977744748038,0.6979452964421788,0.47039500469383566,0.138405432,0.29550984574196093,False
40550.0,12359.640000000001,103.49909565233757,287.4102612749974,274.67588510883104,955.9175360773919,910.3976534070399,863.0,Cruise,910.3976534070399,685.9558049530232,723.2522074589765,0.6388065304096191,0.029782451095062997,21.449091895445548,0.6977958192501131,0.47030492850228484,0.1379905992,0.2948032823191896,False
40600.0,12374.880000000001,103.57891638383745,287.5219958163363,274.7826375633914,959.9396802854219,914.228266938497,863.0,Cruise,914.228266938497,686.489257414154,723.5234125025089,0.6405864353096984,0.0298893195870737,21.4319510835146,0.6976431410050534,0.47021486999041484,0.13757576640000002,0.2940984116572752,False
40650.0,12390.12,103.66051542344431,287.6362170274675,274.8917650446955,964.0079030175217,918.102764778592,863.0,Cruise,918.102764778592,687.0347962632504,723.8007993482298,0.6423767452875889,0.029997205697898464,21.41455280058277,0.6974872211769543,0.4701248291546719,0.13716093360000003,0.2933952296926944,False
40700.0,12405.36,103.7439187569556,287.75296110203556,275.0033020650621,968.122956133367,922.021862984159,863.0,Cruise,922.021862984159,687.5926086231374,724.0844656110789,0.6441775941133435,0.030106125651640836,21.396894491411743,0.6973280183217035,0.4700348059915033,0.13674610079999994,0.29269373237169793,False
40750.0,12420.6,103.82915303087296,287.8722651504302,275.1172840083492,972.2856092040048,925.9862944800045,863.0,Cruise,925.9862944800045,688.1628865944439,724.3745115408362,0.6459891186037973,0.030216096063754482,21.37897355240041,0.6971654900516349,0.4699448004973566,0.13633126799999995,0.29199391565028704,False
40800.0,12435.84,103.91667366587092,287.99488982964334,275.2347325286803,976.5010145128049,930.0009662026713,863.0,Cruise,930.0009662026713,688.749283662123,724.6735497060395,0.6478137779633176,0.030327269500711126,21.360768332543998,0.6969993692443911,0.46985481266868057,0.13591643520000007,0.29129577549419,False
40850.0,12451.08,104.0056710794157,288.11945946153895,275.3537540358034,980.7614595997646,934.0585329521567,863.0,Cruise,934.0585329521567,689.3452372931267,724.9767699602701,0.6496471766917465,0.030439398725569618,21.342313051211217,0.6968300461374043,0.4697648425019245,0.1355016024000001,0.2905993078788383,False
40900.0,12466.320000000002,104.09658450596112,288.24670772476134,275.4753340568718,985.0719369078513,938.1637494360488,863.0,Cruise,938.1637494360488,689.9542718563614,725.2866924074476,0.6514916858108141,0.030552631083682766,21.323586961345402,0.6966572637093933,0.46967488999353824,0.1350867696,0.2899045087893434,False
40950.0,12481.560000000001,104.18944352286839,288.3766758053426,275.5995118722449,989.4332934402814,942.3174223240775,863.0,Cruise,942.3174223240775,690.5766015912099,725.6034290786026,0.6533474556385914,0.030666984912696472,21.304587245813604,0.6964809754290482,0.4695849551399728,0.1346719368,0.28921137422047355,False
41000.0,12496.800000000001,104.28427849397849,288.5094059805339,275.72632780009036,993.8463970236812,946.5203781177917,863.0,Cruise,946.5203781177917,691.2124466862368,725.927095160393,0.6552146400966081,0.03078247901388188,21.285311030379585,0.6963011336509588,0.46949503793767944,0.13425710400000002,0.28851990017663093,False
41050.0,12512.04,104.38112059765199,288.64494165759237,275.8558232331038,998.3121370038764,950.7734638132156,863.0,Cruise,950.7734638132156,691.8620334961544,726.2578091109723,0.6570933968331333,0.03089913266831986,21.265755381763043,0.6961176895774888,0.46940513838311054,0.13384227120000003,0.2878300826718273,False
41100.0,12527.28,104.48000185607734,288.7833274143162,275.98804067687115,1002.8314249717014,955.0775475920965,863.0,Cruise,955.0775475920965,692.5255947687633,726.5956927811958,0.6589838873518766,0.031016965653809635,21.24591730561295,0.695930593218964,0.469315256472719,0.13342743840000004,0.28714191772966186,False
41150.0,12542.52,104.58095516591762,288.92460904142456,276.12302378996753,1007.4051955204378,959.4335195432741,863.0,Cruise,959.4335195432741,693.2033698824282,726.9408715414761,0.660886277146413,0.03113599826254157,21.22579374439065,0.6957397933520846,0.4692253922029585,0.13301260559999994,0.28645540138329784,False
41200.0,12557.76,104.68401433037009,289.0688335868854,276.26081742588514,1012.0344070365741,963.8422924157848,863.0,Cruise,963.8422924157848,693.8956050946807,727.2934744145984,0.6628007358406347,0.03125625131957627,21.205381575157496,0.6955452374764618,0.4691355455702833,0.13259777279999996,0.28577052967543926,False
41250.0,12573.0,104.78966499004827,289.2168026483843,276.4024798337119,1016.7248310572729,968.3093629116885,863.0,Cruise,968.3093629116885,694.6061719097892,727.6562269259023,0.6647298715064607,0.03137789398457474,21.18465540846175,0.6953466070239931,0.4690457165711488,0.13218293999999997,0.28508729865830806,False
41300.0,12588.24,104.89706268945635,289.36709462738554,276.5460795724366,1021.4681518000472,972.8268112381401,863.0,Cruise,972.8268112381401,695.3282659197741,728.0241988623617,0.6666691096437547,0.03150066032747997,21.163655069864614,0.695144360232679,0.46895590520201064,0.1317681072000001,0.28440570439362123,False
41350.0,12603.480000000001,105.00667463361374,289.52048059511156,276.69263439863795,1026.2699550274947,977.3999571690425,863.0,Cruise,977.3999571690425,696.0656121356014,728.4000116460132,0.6686209581411612,0.031624713442637044,21.14235625736022,0.6949381907798933,0.46886611145932555,0.1313532744,0.28372574295256786,False
41400.0,12618.720000000001,105.1185386782806,289.6770132314574,276.84219454662616,1031.1313039501683,982.0298132858746,863.0,Cruise,982.0298132858746,696.8184876458098,728.7838107517645,0.6705856050672834,0.03175007651896953,21.12075555681362,0.694728040510665,0.4687763353395507,0.1309384416,0.2830474104157864,False
41450.0,12633.960000000001,105.23269377535458,289.83674673639086,276.99481169583885,1036.053290167335,986.7174192069857,863.0,Cruise,986.7174192069857,697.5871778917357,729.1757460988171,0.6725632434522341,0.03187677338659501,21.098849475620515,0.6945138497384272,0.46868657683914433,0.13052360880000002,0.282370702873342,False
41500.0,12649.2,105.34918001564898,289.9997368890928,277.15053902678875,1041.0370347060034,991.4638425771461,863.0,Cruise,991.4638425771461,698.3719770006868,729.5759722290726,0.6745540714739131,0.032004828541363946,21.07663443977212,0.6942955571874698,0.4685968359545651,0.13010877600000004,0.281695616424703,False
41550.0,12664.44,105.46803867378956,290.1660411100146,277.3094312797566,1046.0836891092379,996.270180104036,863.0,Cruise,996.270180104036,699.1731881358745,729.9846484945398,0.6765582926532739,0.0321342671706028,21.054106790778345,0.6940730999326006,0.4685071126822726,0.12969394320000005,0.28102214717871965,False
41600.0,12679.68,105.58976592603527,290.33647009990244,277.4725425879548,1051.1994141452217,1001.1422991859253,863.0,Cruise,1001.1422991859253,699.9947479150862,730.4045086129978,0.6785785561794282,0.03226526796045555,21.031238823464818,0.6938461244278564,0.46841740701872686,0.12927911039999995,0.2803502912536002,False
41650.0,12694.92,105.71352193568595,290.50961994543513,277.6379844835237,1056.3757557330662,1006.0721483172058,863.0,Cruise,1006.0721483172058,700.8299177029978,730.8307118835597,0.6806103226786603,0.032397560618373504,21.00807312920555,0.693615123597722,0.46832771896038916,0.12886427759999997,0.2796800447768891,False
41700.0,12710.16,105.83978319553694,290.6862688874731,277.80676829850324,1061.6186750210818,1011.0654047819825,863.0,Cruise,1011.0654047819825,701.6824781315636,731.265881666601,0.6826561344926562,0.032531317287276734,20.984583208367297,0.6933797574865774,0.46823804850372086,0.12844944479999998,0.2790114038854443,False
41750.0,12725.400000000001,105.96859630715788,290.86648174564664,277.97895583860145,1066.9294589137546,1016.1232942035759,863.0,Cruise,1016.1232942035759,702.5527731257869,731.7101991153096,0.684716219157667,0.03266656624338105,20.960765023670195,0.693139955813771,0.4681483956451846,0.128034612,0.2783443647254146,False
41800.0,12740.640000000001,106.10000932413467,291.0503253524327,278.154610822768,1072.3094312252597,1021.2470773573903,863.0,Cruise,1021.2470773573903,703.4411577416558,732.1638513210787,0.6867908107199672,0.03280333660689935,20.93661443499373,0.6928956462920204,0.46805876038124344,0.1276197792,0.2776789234522177,False
41850.0,12755.880000000001,106.23407181328501,291.237868637753,278.3337989632026,1077.7599541407117,1026.4380515625826,863.0,Cruise,1026.4380515625826,704.3479986453998,732.6270315707446,0.6888801500004486,0.032941658376978565,20.912127195207503,0.6926467545457652,0.4679691427083614,0.12720494640000002,0.2770150762305175,False
41900.0,12771.12,106.37083491915169,291.42918271808384,278.5165880495996,1083.2824297525483,1031.697552145284,863.0,Cruise,1031.697552145284,705.2736746187832,733.0999396178322,0.6909844848730222,0.03308156246849158,20.887298945784316,0.6923932040252296,0.4678795426230028,0.12679011360000003,0.27635281923420196,False
41950.0,12786.36,106.51082766228318,291.6251231545534,278.7040732912115,1088.8837041006404,1037.0320991434671,863.0,Cruise,1037.0320991434671,706.222365387838,733.5854381058402,0.6931066202508238,0.03322324558572,20.86209845039145,0.6921345892036809,0.4677899601216332,0.12637528080000004,0.2756921486463607,False
42000.0,12801.6,106.65317924569803,291.82424495714383,278.89433147200646,1094.554794923634,1042.4331380225085,863.0,Cruise,1042.4331380225085,707.1871127187303,734.0785736159088,0.6952418630259037,0.0333664210110622,20.836572876527736,0.6918714601825018,0.46770039520071854,0.12596044800000006,0.2750330606592633,False
